-- Insert services
INSERT INTO "DP_APP"."DPSERVICE" (ID, NAME) VALUES (1, 'Прием денежного перевода');
INSERT INTO "DP_APP"."DPSERVICE" (ID, NAME) VALUES (2, 'Выдача денежного перевода');
INSERT INTO "DP_APP"."DPSERVICE" (ID, NAME) VALUES (3, 'Гашение кредитов');
INSERT INTO "DP_APP"."DPSERVICE" (ID, NAME) VALUES (4, 'Выдача переводов от юрлиц');
-- Patch sequence
ALTER SEQUENCE "DP_APP"."DPSERVICE_ID_SEQ" INCREMENT BY 4;
SELECT "DP_APP"."DPSERVICE_ID_SEQ".nextval from dual;
ALTER SEQUENCE "DP_APP"."DPSERVICE_ID_SEQ" INCREMENT BY 1;

-- Insert countries
INSERT INTO "DP_APP"."COUNTRY" (ID, NAME) VALUES (1, 'Россия');
INSERT INTO "DP_APP"."COUNTRY" (ID, NAME) VALUES (2, 'Киргизия');
INSERT INTO "DP_APP"."COUNTRY" (ID, NAME) VALUES (3, 'Казахстан');
-- Patch sequence
ALTER SEQUENCE "DP_APP"."COUNTRY_ID_SEQ" INCREMENT BY 3;
SELECT "DP_APP"."COUNTRY_ID_SEQ".nextval from dual;
ALTER SEQUENCE "DP_APP"."COUNTRY_ID_SEQ" INCREMENT BY 1;

-- Insert cities
INSERT INTO "DP_APP"."CITY" (ID, COUNTRY_ID, NAME) VALUES (1, 1, 'Новосибирск');
INSERT INTO "DP_APP"."CITY" (ID, COUNTRY_ID, NAME) VALUES (2, 1, 'Томск');
INSERT INTO "DP_APP"."CITY" (ID, COUNTRY_ID, NAME) VALUES (3, 1, 'Кемерово');
INSERT INTO "DP_APP"."CITY" (ID, COUNTRY_ID, NAME) VALUES (4, 1, 'Красноярск');
INSERT INTO "DP_APP"."CITY" (ID, COUNTRY_ID, NAME) VALUES (5, 2, 'Бишкек');
INSERT INTO "DP_APP"."CITY" (ID, COUNTRY_ID, NAME) VALUES (6, 2, 'Ош');
INSERT INTO "DP_APP"."CITY" (ID, COUNTRY_ID, NAME) VALUES (7, 2, 'Джилалабад');
INSERT INTO "DP_APP"."CITY" (ID, COUNTRY_ID, NAME) VALUES (8, 3, 'Алматы');
INSERT INTO "DP_APP"."CITY" (ID, COUNTRY_ID, NAME) VALUES (9, 3, 'Нурсултан');
INSERT INTO "DP_APP"."CITY" (ID, COUNTRY_ID, NAME) VALUES (10, 3, 'Петропавловск');
-- Patch sequence
ALTER SEQUENCE "DP_APP"."CITY_ID_SEQ" INCREMENT BY 10;
SELECT "DP_APP"."CITY_ID_SEQ".nextval from dual;
ALTER SEQUENCE "DP_APP"."CITY_ID_SEQ" INCREMENT BY 1;

-- Insert banks
INSERT INTO "DP_APP"."BANK" (ID, NAME) VALUES (1, 'Левобережный');
INSERT INTO "DP_APP"."BANK" (ID, NAME) VALUES (2, 'Акцепт');
INSERT INTO "DP_APP"."BANK" (ID, NAME) VALUES (3, 'Томскпромстройбанк');
INSERT INTO "DP_APP"."BANK" (ID, NAME) VALUES (4, 'Совкомбанк');
INSERT INTO "DP_APP"."BANK" (ID, NAME) VALUES (5, 'Енисейский Объединенный Банк');
INSERT INTO "DP_APP"."BANK" (ID, NAME) VALUES (6, 'КузнецкБизнесБанк');
INSERT INTO "DP_APP"."BANK" (ID, NAME) VALUES (7, 'РСК-Банк');
INSERT INTO "DP_APP"."BANK" (ID, NAME) VALUES (8, 'Банк "Кыргызстан"');
INSERT INTO "DP_APP"."BANK" (ID, NAME) VALUES (9, 'Экоисламикбанк');
INSERT INTO "DP_APP"."BANK" (ID, NAME) VALUES (10, 'KazKommerzBank');
INSERT INTO "DP_APP"."BANK" (ID, NAME) VALUES (11, 'Kazakh-All-Money-Bank');
-- Patch sequence
ALTER SEQUENCE "DP_APP"."BANK_ID_SEQ" INCREMENT BY 11;
SELECT "DP_APP"."BANK_ID_SEQ".nextval from dual;
ALTER SEQUENCE "DP_APP"."BANK_ID_SEQ" INCREMENT BY 1;

-- Insert points
-- Russia
INSERT INTO "DP_APP"."DPPOINT" (ID, CITY_ID, BANK_ID, NAME, ADDRESS) VALUES (1, 1, 1, 'Доп.офис "Центральный"', 'Красный пр. 32');
INSERT INTO "DP_APP"."DPPOINT" (ID, CITY_ID, BANK_ID, NAME, ADDRESS) VALUES (2, 1, 1, 'Рядом с метро', 'м. Речной Вокзал');
INSERT INTO "DP_APP"."DPPOINT" (ID, CITY_ID, BANK_ID, NAME, ADDRESS) VALUES (3, 1, 1, 'Доп.офис где-то там', 'ул. Кирова, 86');
INSERT INTO "DP_APP"."DPPOINT" (ID, CITY_ID, BANK_ID, NAME, ADDRESS) VALUES (4, 1, 2, 'Центральный офис', 'В центре');
INSERT INTO "DP_APP"."DPPOINT" (ID, CITY_ID, BANK_ID, NAME, ADDRESS) VALUES (5, 1, 4, 'Офис на окраине', 'Где-то на окраине');
INSERT INTO "DP_APP"."DPPOINT" (ID, CITY_ID, BANK_ID, NAME, ADDRESS) VALUES (6, 2, 3, 'Офис ТПСБ', 'ул. Ленина, 1');
INSERT INTO "DP_APP"."DPPOINT" (ID, CITY_ID, BANK_ID, NAME, ADDRESS) VALUES (7, 2, 4, 'Филиал Круглосуточный', 'На вокзале');
INSERT INTO "DP_APP"."DPPOINT" (ID, CITY_ID, BANK_ID, NAME, ADDRESS) VALUES (8, 2, 3, 'Еще один офис ТПСБ', 'ул. Герцена, 31');
INSERT INTO "DP_APP"."DPPOINT" (ID, CITY_ID, BANK_ID, NAME, ADDRESS) VALUES (9, 3, 1, 'Левобережный в Кемерово', 'ул. Джона Леннона, 12');
INSERT INTO "DP_APP"."DPPOINT" (ID, CITY_ID, BANK_ID, NAME, ADDRESS) VALUES (10, 3, 6, 'Офис КББ 1', 'ул. Детсадовская, 2/Ё');
INSERT INTO "DP_APP"."DPPOINT" (ID, CITY_ID, BANK_ID, NAME, ADDRESS) VALUES (11, 3, 6, 'Офис КББ 2', 'ул. Новогодняя, 13-09');
INSERT INTO "DP_APP"."DPPOINT" (ID, CITY_ID, BANK_ID, NAME, ADDRESS) VALUES (12, 4, 5, 'Офис ЕОБ 1', 'ул. Красноярская, 11');
INSERT INTO "DP_APP"."DPPOINT" (ID, CITY_ID, BANK_ID, NAME, ADDRESS) VALUES (13, 4, 5, 'Офис ЕОБ 2', 'ул. Красноярская, 12');
INSERT INTO "DP_APP"."DPPOINT" (ID, CITY_ID, BANK_ID, NAME, ADDRESS) VALUES (14, 4, 5, 'Офис ЕОБ 3', 'ул. Красноярская, 13');
INSERT INTO "DP_APP"."DPPOINT" (ID, CITY_ID, BANK_ID, NAME, ADDRESS) VALUES (15, 4, 4, 'Офис СКБ 1', 'ул. Совкомбанковская, 01');
INSERT INTO "DP_APP"."DPPOINT" (ID, CITY_ID, BANK_ID, NAME, ADDRESS) VALUES (16, 4, 4, 'Офис СКБ 2', 'ул. Совкомбанковская, 02');
-- Kyrgyzstan
INSERT INTO "DP_APP"."DPPOINT" (ID, CITY_ID, BANK_ID, NAME, ADDRESS) VALUES (17, 5, 7, 'Офис РСК-Банк 1', 'ул. Манаса, 1');
INSERT INTO "DP_APP"."DPPOINT" (ID, CITY_ID, BANK_ID, NAME, ADDRESS) VALUES (18, 5, 7, 'Офис РСК-Банк 2', 'ул. Манаса, 2');
INSERT INTO "DP_APP"."DPPOINT" (ID, CITY_ID, BANK_ID, NAME, ADDRESS) VALUES (19, 5, 7, 'Офис РСК-Банк 3', 'ул. Манаса, 3');
INSERT INTO "DP_APP"."DPPOINT" (ID, CITY_ID, BANK_ID, NAME, ADDRESS) VALUES (20, 5, 7, 'Офис РСК-Банк 4', 'ул. Манаса, 4');
INSERT INTO "DP_APP"."DPPOINT" (ID, CITY_ID, BANK_ID, NAME, ADDRESS) VALUES (21, 5, 8, 'Офис КГСТН-Банк 1', 'ул. Совхоз Заря, 1');
INSERT INTO "DP_APP"."DPPOINT" (ID, CITY_ID, BANK_ID, NAME, ADDRESS) VALUES (22, 5, 8, 'Офис КГСТН-Банк 2', 'ул. Совхоз Заря, 2');
INSERT INTO "DP_APP"."DPPOINT" (ID, CITY_ID, BANK_ID, NAME, ADDRESS) VALUES (23, 5, 8, 'Офис КГСТН-Банк 3', 'ул. Совхоз Заря, 3');
INSERT INTO "DP_APP"."DPPOINT" (ID, CITY_ID, BANK_ID, NAME, ADDRESS) VALUES (24, 5, 9, 'Офис Эко-Банк', 'Дордой, строение. 123');
INSERT INTO "DP_APP"."DPPOINT" (ID, CITY_ID, BANK_ID, NAME, ADDRESS) VALUES (25, 6, 7, 'Офис РСК-Банк в Ош', 'ул. 1-го Президента');
INSERT INTO "DP_APP"."DPPOINT" (ID, CITY_ID, BANK_ID, NAME, ADDRESS) VALUES (26, 6, 8, 'Офис Кыргызстан-Банк в Ош', 'ул. 2-го Президента');
INSERT INTO "DP_APP"."DPPOINT" (ID, CITY_ID, BANK_ID, NAME, ADDRESS) VALUES (27, 6, 8, 'Офис Кыргызстан-Банк в Ош', 'ул. 3-го Президента');
INSERT INTO "DP_APP"."DPPOINT" (ID, CITY_ID, BANK_ID, NAME, ADDRESS) VALUES (28, 6, 9, 'Офис Эко-Банк в Ош', 'ул. N-го Президента');
INSERT INTO "DP_APP"."DPPOINT" (ID, CITY_ID, BANK_ID, NAME, ADDRESS) VALUES (29, 7, 7, 'Офис РСК-Банк в Джилалабад', 'ул. Единственная, 1');
INSERT INTO "DP_APP"."DPPOINT" (ID, CITY_ID, BANK_ID, NAME, ADDRESS) VALUES (30, 7, 9, 'Офис Эко-Банк в Джилалабад', 'ул. Последняя, 1');
-- Kazakhstan
INSERT INTO "DP_APP"."DPPOINT" (ID, CITY_ID, BANK_ID, NAME, ADDRESS) VALUES (31, 8, 10, 'Царь-банк-1', 'Площадь Восстания');
INSERT INTO "DP_APP"."DPPOINT" (ID, CITY_ID, BANK_ID, NAME, ADDRESS) VALUES (32, 8, 10, 'Царь-банк-2', 'Площадь Революций');
INSERT INTO "DP_APP"."DPPOINT" (ID, CITY_ID, BANK_ID, NAME, ADDRESS) VALUES (33, 8, 11, 'Ниче-так-банк', 'Ул. Неизвестная, ?/?');
INSERT INTO "DP_APP"."DPPOINT" (ID, CITY_ID, BANK_ID, NAME, ADDRESS) VALUES (34, 9, 10, 'Самый главный офис', 'Бульвар 4');
INSERT INTO "DP_APP"."DPPOINT" (ID, CITY_ID, BANK_ID, NAME, ADDRESS) VALUES (35, 9, 11, 'Не самый главный офис', 'Бульвар 10');
INSERT INTO "DP_APP"."DPPOINT" (ID, CITY_ID, BANK_ID, NAME, ADDRESS) VALUES (36, 10, 11, 'Единственная точка', 'ул. Трасса Омск-Курган, 777');
-- Patch sequence
ALTER SEQUENCE "DP_APP"."DPPOINT_ID_SEQ" INCREMENT BY 36;
SELECT "DP_APP"."DPPOINT_ID_SEQ".nextval from dual;
ALTER SEQUENCE "DP_APP"."DPPOINT_ID_SEQ" INCREMENT BY 1;

-- Insert bindings
-- Russia
INSERT INTO "DP_APP"."DPPOINT_DPSERVICE" (DPPOINT_ID, DPSERVICE_ID) VALUES (1, 1);
INSERT INTO "DP_APP"."DPPOINT_DPSERVICE" (DPPOINT_ID, DPSERVICE_ID) VALUES (1, 2);
INSERT INTO "DP_APP"."DPPOINT_DPSERVICE" (DPPOINT_ID, DPSERVICE_ID) VALUES (1, 3);
INSERT INTO "DP_APP"."DPPOINT_DPSERVICE" (DPPOINT_ID, DPSERVICE_ID) VALUES (1, 4);
INSERT INTO "DP_APP"."DPPOINT_DPSERVICE" (DPPOINT_ID, DPSERVICE_ID) VALUES (2, 1);
INSERT INTO "DP_APP"."DPPOINT_DPSERVICE" (DPPOINT_ID, DPSERVICE_ID) VALUES (2, 2);
INSERT INTO "DP_APP"."DPPOINT_DPSERVICE" (DPPOINT_ID, DPSERVICE_ID) VALUES (2, 3);
INSERT INTO "DP_APP"."DPPOINT_DPSERVICE" (DPPOINT_ID, DPSERVICE_ID) VALUES (3, 1);
INSERT INTO "DP_APP"."DPPOINT_DPSERVICE" (DPPOINT_ID, DPSERVICE_ID) VALUES (3, 3);
INSERT INTO "DP_APP"."DPPOINT_DPSERVICE" (DPPOINT_ID, DPSERVICE_ID) VALUES (3, 4);
INSERT INTO "DP_APP"."DPPOINT_DPSERVICE" (DPPOINT_ID, DPSERVICE_ID) VALUES (4, 3);
INSERT INTO "DP_APP"."DPPOINT_DPSERVICE" (DPPOINT_ID, DPSERVICE_ID) VALUES (4, 4);
INSERT INTO "DP_APP"."DPPOINT_DPSERVICE" (DPPOINT_ID, DPSERVICE_ID) VALUES (5, 1);
INSERT INTO "DP_APP"."DPPOINT_DPSERVICE" (DPPOINT_ID, DPSERVICE_ID) VALUES (5, 2);
INSERT INTO "DP_APP"."DPPOINT_DPSERVICE" (DPPOINT_ID, DPSERVICE_ID) VALUES (5, 3);
INSERT INTO "DP_APP"."DPPOINT_DPSERVICE" (DPPOINT_ID, DPSERVICE_ID) VALUES (5, 4);
INSERT INTO "DP_APP"."DPPOINT_DPSERVICE" (DPPOINT_ID, DPSERVICE_ID) VALUES (6, 1);
INSERT INTO "DP_APP"."DPPOINT_DPSERVICE" (DPPOINT_ID, DPSERVICE_ID) VALUES (6, 2);
INSERT INTO "DP_APP"."DPPOINT_DPSERVICE" (DPPOINT_ID, DPSERVICE_ID) VALUES (7, 2);
INSERT INTO "DP_APP"."DPPOINT_DPSERVICE" (DPPOINT_ID, DPSERVICE_ID) VALUES (7, 4);
INSERT INTO "DP_APP"."DPPOINT_DPSERVICE" (DPPOINT_ID, DPSERVICE_ID) VALUES (8, 1);
INSERT INTO "DP_APP"."DPPOINT_DPSERVICE" (DPPOINT_ID, DPSERVICE_ID) VALUES (8, 2);
INSERT INTO "DP_APP"."DPPOINT_DPSERVICE" (DPPOINT_ID, DPSERVICE_ID) VALUES (8, 3);
INSERT INTO "DP_APP"."DPPOINT_DPSERVICE" (DPPOINT_ID, DPSERVICE_ID) VALUES (8, 4);
INSERT INTO "DP_APP"."DPPOINT_DPSERVICE" (DPPOINT_ID, DPSERVICE_ID) VALUES (9, 1);
INSERT INTO "DP_APP"."DPPOINT_DPSERVICE" (DPPOINT_ID, DPSERVICE_ID) VALUES (9, 2);
INSERT INTO "DP_APP"."DPPOINT_DPSERVICE" (DPPOINT_ID, DPSERVICE_ID) VALUES (9, 3);
INSERT INTO "DP_APP"."DPPOINT_DPSERVICE" (DPPOINT_ID, DPSERVICE_ID) VALUES (10, 2);
INSERT INTO "DP_APP"."DPPOINT_DPSERVICE" (DPPOINT_ID, DPSERVICE_ID) VALUES (10, 3);
INSERT INTO "DP_APP"."DPPOINT_DPSERVICE" (DPPOINT_ID, DPSERVICE_ID) VALUES (10, 4);
INSERT INTO "DP_APP"."DPPOINT_DPSERVICE" (DPPOINT_ID, DPSERVICE_ID) VALUES (11, 1);
INSERT INTO "DP_APP"."DPPOINT_DPSERVICE" (DPPOINT_ID, DPSERVICE_ID) VALUES (11, 3);
INSERT INTO "DP_APP"."DPPOINT_DPSERVICE" (DPPOINT_ID, DPSERVICE_ID) VALUES (11, 4);
INSERT INTO "DP_APP"."DPPOINT_DPSERVICE" (DPPOINT_ID, DPSERVICE_ID) VALUES (12, 1);
INSERT INTO "DP_APP"."DPPOINT_DPSERVICE" (DPPOINT_ID, DPSERVICE_ID) VALUES (12, 2);
INSERT INTO "DP_APP"."DPPOINT_DPSERVICE" (DPPOINT_ID, DPSERVICE_ID) VALUES (12, 4);
INSERT INTO "DP_APP"."DPPOINT_DPSERVICE" (DPPOINT_ID, DPSERVICE_ID) VALUES (13, 4);
INSERT INTO "DP_APP"."DPPOINT_DPSERVICE" (DPPOINT_ID, DPSERVICE_ID) VALUES (14, 1);
INSERT INTO "DP_APP"."DPPOINT_DPSERVICE" (DPPOINT_ID, DPSERVICE_ID) VALUES (14, 4);
INSERT INTO "DP_APP"."DPPOINT_DPSERVICE" (DPPOINT_ID, DPSERVICE_ID) VALUES (15, 2);
INSERT INTO "DP_APP"."DPPOINT_DPSERVICE" (DPPOINT_ID, DPSERVICE_ID) VALUES (15, 4);
INSERT INTO "DP_APP"."DPPOINT_DPSERVICE" (DPPOINT_ID, DPSERVICE_ID) VALUES (16, 1);
INSERT INTO "DP_APP"."DPPOINT_DPSERVICE" (DPPOINT_ID, DPSERVICE_ID) VALUES (16, 2);
INSERT INTO "DP_APP"."DPPOINT_DPSERVICE" (DPPOINT_ID, DPSERVICE_ID) VALUES (16, 3);
-- Kyrgyzstan
INSERT INTO "DP_APP"."DPPOINT_DPSERVICE" (DPPOINT_ID, DPSERVICE_ID) VALUES (17, 2);
INSERT INTO "DP_APP"."DPPOINT_DPSERVICE" (DPPOINT_ID, DPSERVICE_ID) VALUES (17, 3);
INSERT INTO "DP_APP"."DPPOINT_DPSERVICE" (DPPOINT_ID, DPSERVICE_ID) VALUES (18, 2);
INSERT INTO "DP_APP"."DPPOINT_DPSERVICE" (DPPOINT_ID, DPSERVICE_ID) VALUES (18, 3);
INSERT INTO "DP_APP"."DPPOINT_DPSERVICE" (DPPOINT_ID, DPSERVICE_ID) VALUES (19, 2);
INSERT INTO "DP_APP"."DPPOINT_DPSERVICE" (DPPOINT_ID, DPSERVICE_ID) VALUES (19, 3);
INSERT INTO "DP_APP"."DPPOINT_DPSERVICE" (DPPOINT_ID, DPSERVICE_ID) VALUES (20, 2);
INSERT INTO "DP_APP"."DPPOINT_DPSERVICE" (DPPOINT_ID, DPSERVICE_ID) VALUES (20, 3);
INSERT INTO "DP_APP"."DPPOINT_DPSERVICE" (DPPOINT_ID, DPSERVICE_ID) VALUES (21, 2);
INSERT INTO "DP_APP"."DPPOINT_DPSERVICE" (DPPOINT_ID, DPSERVICE_ID) VALUES (21, 3);
INSERT INTO "DP_APP"."DPPOINT_DPSERVICE" (DPPOINT_ID, DPSERVICE_ID) VALUES (22, 2);
INSERT INTO "DP_APP"."DPPOINT_DPSERVICE" (DPPOINT_ID, DPSERVICE_ID) VALUES (22, 3);
INSERT INTO "DP_APP"."DPPOINT_DPSERVICE" (DPPOINT_ID, DPSERVICE_ID) VALUES (23, 2);
INSERT INTO "DP_APP"."DPPOINT_DPSERVICE" (DPPOINT_ID, DPSERVICE_ID) VALUES (23, 3);
INSERT INTO "DP_APP"."DPPOINT_DPSERVICE" (DPPOINT_ID, DPSERVICE_ID) VALUES (24, 2);
INSERT INTO "DP_APP"."DPPOINT_DPSERVICE" (DPPOINT_ID, DPSERVICE_ID) VALUES (24, 3);
INSERT INTO "DP_APP"."DPPOINT_DPSERVICE" (DPPOINT_ID, DPSERVICE_ID) VALUES (25, 2);
INSERT INTO "DP_APP"."DPPOINT_DPSERVICE" (DPPOINT_ID, DPSERVICE_ID) VALUES (25, 3);
INSERT INTO "DP_APP"."DPPOINT_DPSERVICE" (DPPOINT_ID, DPSERVICE_ID) VALUES (26, 2);
INSERT INTO "DP_APP"."DPPOINT_DPSERVICE" (DPPOINT_ID, DPSERVICE_ID) VALUES (26, 3);
INSERT INTO "DP_APP"."DPPOINT_DPSERVICE" (DPPOINT_ID, DPSERVICE_ID) VALUES (27, 2);
INSERT INTO "DP_APP"."DPPOINT_DPSERVICE" (DPPOINT_ID, DPSERVICE_ID) VALUES (27, 3);
INSERT INTO "DP_APP"."DPPOINT_DPSERVICE" (DPPOINT_ID, DPSERVICE_ID) VALUES (28, 2);
INSERT INTO "DP_APP"."DPPOINT_DPSERVICE" (DPPOINT_ID, DPSERVICE_ID) VALUES (28, 3);
INSERT INTO "DP_APP"."DPPOINT_DPSERVICE" (DPPOINT_ID, DPSERVICE_ID) VALUES (29, 2);
INSERT INTO "DP_APP"."DPPOINT_DPSERVICE" (DPPOINT_ID, DPSERVICE_ID) VALUES (29, 3);
INSERT INTO "DP_APP"."DPPOINT_DPSERVICE" (DPPOINT_ID, DPSERVICE_ID) VALUES (30, 1);
INSERT INTO "DP_APP"."DPPOINT_DPSERVICE" (DPPOINT_ID, DPSERVICE_ID) VALUES (30, 2);
INSERT INTO "DP_APP"."DPPOINT_DPSERVICE" (DPPOINT_ID, DPSERVICE_ID) VALUES (30, 3);
INSERT INTO "DP_APP"."DPPOINT_DPSERVICE" (DPPOINT_ID, DPSERVICE_ID) VALUES (30, 4);
-- Kazakhstan
INSERT INTO "DP_APP"."DPPOINT_DPSERVICE" (DPPOINT_ID, DPSERVICE_ID) VALUES (31, 2);
INSERT INTO "DP_APP"."DPPOINT_DPSERVICE" (DPPOINT_ID, DPSERVICE_ID) VALUES (32, 2);
INSERT INTO "DP_APP"."DPPOINT_DPSERVICE" (DPPOINT_ID, DPSERVICE_ID) VALUES (33, 2);
INSERT INTO "DP_APP"."DPPOINT_DPSERVICE" (DPPOINT_ID, DPSERVICE_ID) VALUES (34, 2);
INSERT INTO "DP_APP"."DPPOINT_DPSERVICE" (DPPOINT_ID, DPSERVICE_ID) VALUES (35, 2);
INSERT INTO "DP_APP"."DPPOINT_DPSERVICE" (DPPOINT_ID, DPSERVICE_ID) VALUES (36, 1);
INSERT INTO "DP_APP"."DPPOINT_DPSERVICE" (DPPOINT_ID, DPSERVICE_ID) VALUES (36, 2);
INSERT INTO "DP_APP"."DPPOINT_DPSERVICE" (DPPOINT_ID, DPSERVICE_ID) VALUES (36, 3);
INSERT INTO "DP_APP"."DPPOINT_DPSERVICE" (DPPOINT_ID, DPSERVICE_ID) VALUES (36, 4);

-- END
